{
    "amide": [
        0.6394267984578837,
        0.025010755222666936,
        0.27502931836911926
    ],
    "ethoxy": [
        0.22321073814882275,
        0.7364712141640124,
        0.6766994874229113
    ],
    "anhydride": [
        0.8921795677048454,
        0.08693883262941615,
        0.4219218196852704
    ],
    "tertiary amine": [
        0.029797219438070344,
        0.21863797480360336,
        0.5053552881033624
    ],
    "carbonate ester": [
        0.026535969683863625,
        0.1988376506866485,
        0.6498844377795232
    ],
    "acetal": [
        0.5449414806032167,
        0.2204406220406967,
        0.5892656838759087
    ],
    "sulfonyl amide": [
        0.8094304566778266,
        0.006498759678061017,
        0.8058192518328079
    ],
    "piperidine": [
        0.6981393949882269,
        0.3402505165179919,
        0.15547949981178155
    ],
    "acetyl": [
        0.9572130722067812,
        0.33659454511262676,
        0.09274584338014791
    ],
    "tert-butyl ester": [
        0.09671637683346401,
        0.8474943663474598,
        0.6037260313668911
    ],
    "acid amide": [
        0.8071282732743802,
        0.7297317866938179,
        0.5362280914547007
    ],
    "hemiacetal": [
        0.9731157639793706,
        0.3785343772083535,
        0.552040631273227
    ],
    "alkyl chain": [
        0.8294046642529949,
        0.6185197523642461,
        0.8617069003107772
    ],
    "sulfonic ester": [
        0.577352145256762,
        0.7045718362149235,
        0.045824383655662215
    ],
    "carboxylic acid": [
        0.22789827565154686,
        0.28938796360210717,
        0.0797919769236275
    ],
    "sulfide chain": [
        0.23279088636103018,
        0.10100142940972912,
        0.2779736031100921
    ],
    "diol": [
        0.6356844442644002,
        0.36483217897008424,
        0.37018096711688264
    ],
    "phosphate ester": [
        0.2095070307714877,
        0.26697782204911336,
        0.936654587712494
    ],
    "phosphoric halide": [
        0.6480353852465935,
        0.6091310056669882,
        0.171138648198097
    ],
    "sulfonic acid": [
        0.7291267979503492,
        0.1634024937619284,
        0.3794554417576478
    ],
    "pyridine": [
        0.9895233506365952,
        0.6399997598540929,
        0.5569497437746462
    ],
    "secondary amine": [
        0.6846142509898746,
        0.8428519201898096,
        0.7759999115462448
    ],
    "azide": [
        0.22904807196410437,
        0.03210024390403776,
        0.3154530480590819
    ],
    "hydrazine": [
        0.26774087597570273,
        0.21098284358632646,
        0.9429097143350544
    ],
    "1H-pyrazole": [
        0.8763676264726689,
        0.3146778807984779,
        0.65543866529488
    ],
    "boronic diester": [
        0.39563190106066426,
        0.9145475897405435,
        0.4588518525873988
    ],
    "methylthiol": [
        0.26488016649805246,
        0.24662750769398345,
        0.5613681341631508
    ],
    "imine": [
        0.26274160852293527,
        0.5845859902235405,
        0.897822883602477
    ],
    "sulfonyl": [
        0.39940050514039727,
        0.21932075915728333,
        0.9975376064951103
    ],
    "hydroxyl": [
        0.5095262936764645,
        0.09090941217379389,
        0.04711637542473457
    ],
    "sulfonyl ester": [
        0.10964913035065915,
        0.62744604170309,
        0.7920793643629641
    ],
    "alkynyl": [
        0.42215996679968404,
        0.06352770615195713,
        0.38161928650653676
    ],
    "diamine": [
        0.9961213802400968,
        0.529114345099137,
        0.9710783776136181
    ],
    "nitroson": [
        0.8607797022344981,
        0.011481021942819636,
        0.7207218193601946
    ],
    "thiophene": [
        0.6817103690265748,
        0.5369703304087952,
        0.2668251899525428
    ],
    "boronic monoester": [
        0.6409617985798081,
        0.11155217359587644,
        0.434765250669105
    ],
    "tertiary alcohol": [
        0.45372370632920644,
        0.9538159275210801,
        0.8758529403781941
    ],
    "silane": [
        0.26338905075109076,
        0.5005861130502983,
        0.17865188053013137
    ],
    "N-substituted pyrazole": [
        0.9126278393448205,
        0.8705185698367669,
        0.2984447914486329
    ],
    "alkyne": [
        0.6389494948660052,
        0.6089702114381723,
        0.1528392685496348
    ],
    "alkene": [
        0.7625108000751513,
        0.5393790301196257,
        0.7786264786305582
    ],
    "nitrile": [
        0.5303536721951775,
        0.0005718961279435053,
        0.3241560570046731
    ],
    "oxime": [
        0.019476742385832302,
        0.9290986162646171,
        0.8787218778231842
    ],
    "disulfide": [
        0.8316655293611794,
        0.30751412540266143,
        0.05792516649418755
    ],
    "isocyanate ester": [
        0.8780095992040405,
        0.9469494452979941,
        0.08565345206787878
    ],
    "imide": [
        0.4859904633166138,
        0.06921251846838361,
        0.7606021652572316
    ],
    "methyl ester": [
        0.7658344293069878,
        0.1283914644997628,
        0.4752823780987313
    ],
    "cyclobutyl": [
        0.5498035934949439,
        0.2650566289400591,
        0.8724330410852574
    ],
    "amine": [
        0.4231379402008869,
        0.21179820544208205,
        0.5392960887794583
    ],
    "pyrazole": [
        0.7299310690899762,
        0.2011510633896959,
        0.31171629130089495
    ],
    "peroxy acid": [
        0.9951493566608947,
        0.6498780576394535,
        0.43810008391450406
    ],
    "diazomethane": [
        0.5175758410355906,
        0.12100419586826572,
        0.22469733703155736
    ],
    "methoxy": [
        0.33808556214745533,
        0.5883087184572333,
        0.230114732596577
    ],
    "cyclopropyl": [
        0.22021738445155947,
        0.07099308600903254,
        0.6311029572700989
    ],
    "sulfonyl chloride": [
        0.22894178381115438,
        0.905420013006128,
        0.8596354002537465
    ],
    "ether chain": [
        0.07085734988865344,
        0.23800463436899522,
        0.6689777782962806
    ],
    "2-pyridone": [
        0.2142368073704386,
        0.132311848725025,
        0.935514240580671
    ],
    "nitro": [
        0.5710430933252845,
        0.47267102631179414,
        0.7846194242907534
    ],
    "phosphoric acid": [
        0.8074969977666434,
        0.1904099143618777,
        0.09693081422882333
    ],
    "terminal alkene": [
        0.4310511824063775,
        0.4235786230199208,
        0.467024668036675
    ],
    "aldehyde": [
        0.7290758494598506,
        0.6733645472933015,
        0.9841652113659661
    ],
    "guanidine": [
        0.09841787115195888,
        0.4026212821022688,
        0.33930260539496315
    ],
    "cyclopentyl": [
        0.8616725363527911,
        0.24865633392028563,
        0.1902089084408115
    ],
    "thiol": [
        0.4486135478331319,
        0.4218816398344042,
        0.27854514466694047
    ],
    "ketone/aldehyde": [
        0.2498064478821005,
        0.9232655992760128,
        0.44313074505345695
    ],
    "primary amine": [
        0.8613491047618306,
        0.5503253124498481,
        0.05058832952488124
    ],
    "phosphoric diester": [
        0.9992824684127266,
        0.8360275850799519,
        0.9689962572847513
    ],
    "ester": [
        0.9263669830081276,
        0.8486957344143055,
        0.16631111060391401
    ],